Number,SMILE,IP,EA,HomoLumoGap,MolWt,MolLogP,MolMR,HeavyAtomCount,LabuteASA,BalabanJ,BertzCT,LF,GWP
0,C(#N)C(C(F)(F)F)(C(F)(F)F)F,0.460778278,-0.045651207,0.32379,195.037,2.34288,21.562,12,61.38540487,5.135322704,190.9169406,1.537819095,3.439332694
1,C(=C(/C(F)(F)F)\F)(\C(F)(F)F)/F,0.401892614,-0.040775006,0.25182,200.028,3.2616,21.352,12,60.46875756,4.964229828,170.08385,-1.070581074,0.294466226
2,C(=C(/C(F)(F)F)\F)(\C(F)(F)F)/F,0.401892614,-0.040775006,0.25182,200.028,3.2616,21.352,12,60.46875756,4.964229828,170.08385,-1.070581074,0.294466226
3,C(=C(/C(F)(F)F)\F)\F,0.387456284,-0.081865793,0.26508,132.031,2.3291,16.354,8,41.60720924,4.028893685,98.73163484,-1.568636236,-0.463441557
4,C(=C(/F)\Cl)(\F)/Cl,0.34915741,-0.06960847,0.24204,132.924,2.5296,20.948,6,43.35219337,3.675948765,59.61727061,-1.721246399,-0.899629455
5,C(=C(\C(F)(F)F)/F)\F,0.38680363,-0.078676595,0.26133,132.031,2.3291,16.354,8,41.60720924,4.028893685,98.73163484,-1.795880017,-0.928117993
6,C(=C(Cl)Cl)(Cl)Cl,0.34069019,-0.03826466,0.22142,165.834,3.0682,30.438,6,55.62765502,3.675948765,55.61727061,-0.521433504,0.802089258
7,C(=C(Cl)Cl)(F)F,0.34990958,-0.07309798,0.24667,132.924,2.5296,20.948,6,43.35219337,3.675948765,59.61727061,-2.22184875,-1.677780705
8,C(=C(Cl)Cl)Cl,0.34557732,-0.05399329,0.2316,131.389,2.5017,25.642,5,45.32438879,3.143197306,42.85475297,-1.823908741,-1.356547324
9,C(=C(F)F)(C(=C(F)F)F)F,0.322808574,-0.052947202,0.2002,162.032,3.1416,20.7,10,51.44808372,4.708295227,159.9244972,-2.522878745,-2.397940009
10,C(=C(F)F)(C(C(F)(F)F)(F)F)F,0.382938944,-0.066658337,0.25522,200.028,3.2616,21.352,12,60.46875756,5.00762049,193.593625,-1.795880017,-1.045757491
11,C(=C(F)F)(C(C(F)(F)F)(F)F)F,0.382938944,-0.066658337,0.25522,200.028,3.2616,21.352,12,60.46875756,5.00762049,193.593625,-1.795880017,-1.045757491
12,C(=C(F)F)(C(F)(F)F)F,0.385783705,-0.084676947,0.26608,150.021,2.6263,16.405,9,45.77274464,4.39951587,125.7286241,-1.823908741,-1.045757491
13,C(=C(F)F)(F)F,0.367042484,-0.140748955,0.2841,100.014,1.991,11.458,6,31.07673172,3.675948765,55.61727061,-2.522878745,-2.397940009
14,C(=C(F)F)(OC(F)(F)F)F,0.369837428,-0.110437553,0.27597,166.02,2.5579,17.49,10,50.88628987,4.055712041,141.5621435,-2.397940009,-2
15,C(=C(F)F)F,0.367537859,-0.134661826,0.28046,82.024,1.6938,11.407,5,26.91119632,3.143197306,42.85475297,-2.397940009,-2.301029996
16,C(=C/Cl)\C(F)(F)F,0.380799562,-0.054501372,0.25117,130.496,2.3012,21.048,7,43.57940466,3.559682478,72.73943006,-0.935542011,0.588831726
17,C(=C/Cl)\F,0.357129643,-0.097376176,0.25675,80.489,1.6659,16.101,4,28.88339174,2.549193338,21.21928095,-2.301029996,-2.397940009
18,C(=C/F)\C(C(F)(F)F)(C(F)(F)F)F,0.381240875,-0.072472079,0.26959,214.055,3.3025,26.197,13,66.83369968,5.211085631,181.5603758,-0.476253533,0.914871818
19,C(=C/F)\C(F)(F)F,0.395292688,-0.080720398,0.27302,114.041,2.0319,16.303,7,37.44167384,3.559682478,69.49431756,-1.283996656,0.136720567
20,C(=C\C(F)(F)F)\C(F)(F)F,0.418603578,-0.033431564,0.26327,164.048,2.6672,21.25,10,52.13768676,4.01455866,109.6636925,-1.13076828,0.318063335
21,C(=C\F)\C(F)(F)F,0.394313412,-0.075322411,0.26707,114.041,2.0319,16.303,7,37.44167384,3.559682478,69.49431756,-1.568636236,-0.501689446
22,C(=CC(F)(F)F)C(F)(F)F,0.420768808,-0.03959119,0.27159,164.048,2.6672,21.25,10,52.13768676,4.01455866,109.6636925,-0.476253533,1.252853031
23,C(=CCl)C(F)(F)F,0.380799567,-0.054501368,0.25117,130.496,2.3012,21.048,7,43.57940466,3.559682478,72.73943006,-1.443697499,-0.342944147
24,C(=O)(C(C(F)(F)F)(C(F)(F)F)F)C(C(F)(F)F)(F)F,0.40479327,0.01439948,0.21221,316.041,3.586,31.958,19,94.71190853,6.059229778,341.8865728,-1.721246399,-0.943095149
25,C(Br)(Br)Br,0.3652842,-0.00429108,0.20765,252.731,2.4547,30.569,4,50.34189384,2.323790008,8,-0.806875402,-0.602059991
26,C(Br)Br,0.37603692,-0.04564583,0.24224,173.835,1.7337,22.721,3,36.47434624,1.632993162,2.754887502,-0.386158178,0.178976947
27,C(C(C(C(F)(F)F)(F)F)(F)F)(C(C(F)(F)F)(F)F)(F)F,0.42710509,-0.08330107,0.3597,338.038,4.6522,31.898,20,98.88145724,6.082753304,318.8408681,3.491361694,3.935507266
28,C(C(C(C(F)(F)F)(F)F)(F)F)(F)F,0.42810556,-0.11445633,0.37523,220.034,3.0844,21.953,13,65.323896,5.039847129,176.5439481,1.505149978,3.460897843
29,C(C(C(C(F)(F)F)(F)F)(F)F)O,0.394277715,-0.118131188,0.33801,200.053,1.8116,23.0348,12,61.78705894,4.847021821,159.2795361,-0.259637311,1.562292864
30,C(C(C(C(F)(F)F)F)(F)F)O,0.397771334,-0.126354823,0.3478,182.063,1.5144,22.9838,11,57.62152354,4.352448404,129.0341978,-0.435333936,1.484299839
31,C(C(C(F)(F)Cl)(F)F)(F)Cl,0.41301378,-0.06068886,0.31399,202.937,2.9877,26.496,10,62.90334473,4.403817967,116.5516958,0.770852012,2.754348336
32,C(C(C(F)(F)F)(F)F)(C(C(F)(F)F)(F)F)(F)F,0.43155834,-0.10653184,0.36586,288.031,4.0169,26.951,17,84.18544432,5.733228776,250.2515635,3.612783857,3.964730921
33,C(C(C(F)(F)F)(F)F)(C(F)(F)F)(F)F,0.45274427,-0.11874679,0.39637,238.024,3.3816,22.004,14,69.4894314,5.300082078,181.142338,3.414973348,4
34,C(C(C(F)(F)F)(F)F)(Cl)Cl,0.41355199,-0.0511963,0.29259,202.937,2.9877,26.496,10,62.90334473,4.403817967,116.5516958,0.278753601,2.136720567
35,C(C(C(F)(F)F)(F)F)(F)F,0.444128271,-0.146483982,0.40148,170.027,2.4491,17.006,10,50.62788308,4.403817967,110.5098519,1.477121255,3.474216264
36,C(C(C(F)(F)F)(F)F)F,0.442388325,-0.138171478,0.39405,152.037,2.1535,16.977,9,46.46234767,4.144726367,90.96632017,1.127104798,3.130333768
37,C(C(C(F)(F)F)(F)F)O,0.402461134,-0.13416049,0.3498,150.046,1.1763,18.0878,9,47.09104602,4.144726367,94.8664547,-0.326979093,1.53529412
38,C(C(C(F)(F)F)F)(C(C(F)(F)F)(F)F)F,0.43849431,-0.09893422,0.37426,252.051,3.4225,26.849,15,75.85437351,4.939401424,210.8330875,1.230448921,3.204119983
39,C(C(C(F)(F)F)F)F,0.441109306,-0.135181198,0.38883,134.047,1.8563,16.926,8,42.29681227,3.623281004,64.56425892,0.505149978,2.511883361
40,C(C(C(F)F)(F)F)F,0.425993591,-0.144049611,0.38625,134.047,1.8563,16.926,8,42.29681227,3.708324167,68.07403392,0.819543936,2.895974732
41,C(C(C(F)F)(F)F)O,0.391070215,-0.137037425,0.34576,132.056,0.8791,18.0368,8,42.92551062,3.708324167,71.6836744,-0.59345982,1.158362492
42,C(C(C(F)F)(F)F)OC(F)F,0.41273935,-0.139536222,0.38321,182.063,2.126,22.907,11,57.94083502,3.729270365,113.1499106,0.544068044,2.684845362
43,C(C(Cl)(Cl)Cl)(F)(F)Cl,0.40493145,-0.0206872,0.26619,203.83,3.1882,31.09,8,64.64832886,4.020391543,67.01955001,1.716003344,3.550228353
44,C(C(Cl)(Cl)Cl)(F)(F)F,0.41366938,-0.02413213,0.26783,187.375,2.9189,26.345,8,58.51059803,4.020391543,67.509775,1.740362689,3.59439255
45,C(C(Cl)Cl)(F)F,0.41720555,-0.06150521,0.29595,134.94,2.0552,21.498,6,44.0417964,2.993497243,30.52932501,0.049218023,1.847572659
46,C(C(F)(Cl)Cl)(Cl)Cl,0.39143845,-0.02880397,0.26726,185.84,2.891,31.039,7,60.48279345,3.541196965,55.20035948,0.045322979,1.765668555
47,C(C(F)(Cl)Cl)(F)(Cl)Cl,0.40716058,-0.02792182,0.28124,203.83,3.1882,31.09,8,64.64832886,4.020391543,67.01955001,1.803457116,3.664641976
48,C(C(F)(Cl)Cl)(F)(F)Cl,0.42040364,-0.04029044,0.29286,187.375,2.9189,26.345,8,58.51059803,4.020391543,67.509775,1.968482949,3.814247596
49,C(C(F)(Cl)Cl)(F)(F)F,0.43024014,-0.04854384,0.29392,170.92,2.6496,21.6,8,52.37286721,4.020391543,67.01955001,2.021189299,3.870403905
50,C(C(F)(Cl)Cl)(F)Cl,0.40705172,-0.03901046,0.28215,169.385,2.6217,26.294,7,54.34506263,3.541196965,56.44547197,0.491361694,2.389166084
51,C(C(F)(Cl)Cl)F,0.41872573,-0.05778599,0.29288,134.94,2.0568,21.52,6,44.0417964,3.168489873,39.30296891,0.612783857,2.534026106
52,C(C(F)(F)Br)(F)(F)Br,0.39522931,-0.01531468,0.24622,259.822,2.9618,27.748,8,59.50142997,4.020391543,67.01955001,1.447158031,3.336459734
53,C(C(F)(F)Cl)(Cl)Cl,0.40670093,-0.04148207,0.28432,169.385,2.6217,26.294,7,54.34506263,3.541196965,56.44547197,-0.045757491,1.751279104
54,C(C(F)(F)Cl)(F)(F)Cl,0.43310363,-0.0657485,0.32408,170.92,2.6496,21.6,8,52.37286721,4.020391543,67.01955001,2.276461804,3.974511693
55,C(C(F)(F)Cl)(F)(F)F,0.4565249,-0.08459308,0.33644,154.465,2.3803,16.855,8,46.23513638,4.020391543,65.40990953,2.73239376,3.982271233
56,C(C(F)(F)Cl)(F)Cl,0.42559675,-0.0689971,0.31698,152.93,2.3524,21.549,7,48.2073318,3.541196965,56.44547197,0.602059991,2.596597096
57,C(C(F)(F)Cl)(F)F,0.441424512,-0.089009338,0.33465,136.475,2.0831,16.804,7,42.06960098,3.541196965,55.20035948,1.230448921,3.315970345
58,C(C(F)(F)F)(C(F)(F)F)(F)F,0.465475764,-0.145627378,0.42021,188.017,2.7463,17.057,11,54.79341848,4.748408578,120.3966103,3.414973348,3.968015714
59,C(C(F)(F)F)(C(F)(F)F)F,0.46716158,-0.135396352,0.41225,170.027,2.4491,17.006,10,50.62788308,4.231132186,93.00007685,1.556302501,3.556302501
60,C(C(F)(F)F)(C(F)(F)F)O,0.423468673,-0.137798679,0.372,168.036,1.4719,18.1168,10,51.25658143,4.231132186,97.1417863,0.278753601,2.31386722
61,C(C(F)(F)F)(C(F)(F)F)O,0.423468673,-0.137798679,0.372,168.036,1.4719,18.1168,10,51.25658143,4.231132186,97.1417863,0.278753601,2.31386722
62,C(C(F)(F)F)(Cl)Br,0.40330832,-0.03906782,0.25572,197.381,2.5085,24.623,7,51.77161318,3.541196965,58.44547197,0,1.653212514
63,C(C(F)(F)F)(Cl)Cl,0.42308256,-0.05666273,0.29568,152.93,2.3524,21.549,7,48.2073318,3.541196965,56.44547197,0.113943352,1.95616843
64,C(C(F)(F)F)(F)(F)F,0.494092245,-0.191544565,0.47485,138.01,2.111,12.11,8,40.09740556,4.020391543,61.509775,4,4.093421685
65,C(C(F)(F)F)(F)Br,0.41074817,-0.06402068,0.27328,180.926,2.2392,19.878,7,45.63388236,3.541196965,55.20035948,0.462397998,2.303196057
66,C(C(F)(F)F)(F)Cl,0.434961906,-0.090618587,0.32506,136.475,2.0831,16.804,7,42.06960098,3.541196965,55.20035948,0.770852012,2.775974331
67,C(C(F)(F)F)(F)F,0.466143167,-0.182417438,0.43772,120.02,1.8138,12.059,7,35.93187016,3.541196965,51.590719,1.477121255,3.572871602
68,C(C(F)(F)F)(OC(C(C(F)(F)F)(F)F)(F)F)F,0.44524624,-0.11831992,0.41176,286.04,3.6513,27.985,17,85.13345415,5.044655518,262.0158056,1.773786445,3.821513528
69,C(C(F)(F)F)(OC(F)(F)F)F,0.463875284,-0.158402893,0.44026,186.026,2.3807,18.091,11,55.74142831,3.986683496,122.6278258,1.738780558,3.876217841
70,C(C(F)(F)F)(OC(F)F)Cl,0.42667495,-0.07575042,0.31563,184.491,2.3528,22.785,10,57.71362373,3.734823721,101.5564106,0.544068044,2.731588765
71,C(C(F)(F)F)(OC(F)F)F,0.449640889,-0.162287933,0.43354,168.036,2.0835,18.04,10,51.5758929,3.734823721,97.65627611,1.149219113,3.413299764
72,C(C(F)(F)F)Br,0.40375793,-0.07171444,0.27033,162.936,1.9436,19.849,6,41.46834696,3.168489873,38.54808141,0.505149978,2.247973266
73,C(C(F)(F)F)C(F)(F)F,0.475636481,-0.161763272,0.46237,152.037,2.5011,16.727,9,46.46234767,3.746417931,73.45654517,2.328379603,3.939019776
74,C(C(F)(F)F)Cl,0.431566028,-0.096790179,0.31956,118.485,1.7875,16.775,6,37.90406558,3.168489873,38.54808141,0.662757832,2.588831726
75,C(C(F)(F)F)F,0.465805406,-0.167768408,0.42813,102.03,1.5182,12.03,6,31.76633475,3.168489873,35.30296891,1.146128036,3.184691431
76,C(C(F)(F)F)O,0.41202365,-0.151136567,0.36098,100.039,0.541,13.1408,6,32.3950331,3.168489873,38.54808141,-0.339134522,1.552668216
77,C(C(F)(F)F)OC(C(F)(F)F)(F)F,0.44815765,-0.13980736,0.40703,218.043,2.7204,23.009,13,66.27190582,4.206154772,165.9632901,0.875061263,3.017033339
78,C(C(F)(F)F)OC(C(F)F)(F)F,0.434114265,-0.137440918,0.40175,200.053,2.4232,22.958,12,62.10637042,3.925203189,138.8320272,0.785329835,2.991226076
79,C(C(F)(F)F)OC(F)(F)F,0.450522174,-0.159293268,0.4162,168.036,2.0851,18.062,10,51.5758929,3.56300175,86.54100625,0.875061263,3.041392685
80,C(C(F)(F)F)OC(F)F,0.434837613,-0.164974143,0.41141,150.046,1.7879,18.011,9,47.4103575,3.28071084,76.76251764,0.740362689,2.943494516
81,C(C(F)(F)F)OC=O,0.41206806,-0.091208606,0.29053,128.049,0.7217,18.071,8,43.24080879,3.239280745,77.0879456,-0.261219442,1.738780558
82,C(C(F)(F)F)OCC(F)(F)F,0.390384198,-0.137943535,0.35659,182.063,2.1276,22.929,11,57.94083502,3.436534825,98.73114066,-0.454692884,1.387389826
83,C(C(F)Cl)(F)Cl,0.41812027,-0.07325918,0.31375,134.94,2.0552,21.498,6,44.0417964,2.993497243,30.52932501,0.238046103,2.086359831
84,C(C(F)Cl)Cl,0.40263497,-0.06753868,0.29848,116.95,1.7596,21.469,5,39.876261,2.539538861,21.60964047,0.056904851,1.668385917
85,C(C(F)F)(C(F)(F)F)F,0.446135934,-0.135497046,0.39126,152.037,2.1519,16.955,9,46.46234767,3.877604669,82.79398752,1.056904851,3.176091259
86,C(C(F)F)(C(F)F)F,0.425523876,-0.137884465,0.38037,134.047,1.8547,16.904,8,42.29681227,3.464226847,52.69412205,0.505149978,2.40654018
87,C(C(F)F)(F)F,0.44230689,-0.180812396,0.41552,102.03,1.5166,12.008,6,31.76633475,2.993497243,26.52932501,1,3.100370545
88,C(C(F)F)(OC(F)(F)F)F,0.443660829,-0.158507004,0.41983,168.036,2.0835,18.04,10,51.5758929,3.684241107,97.65627611,0.954242509,3.100370545
89,C(C(F)F)C(F)(F)F,0.448141575,-0.168001068,0.43359,134.047,2.2039,16.676,8,42.29681227,3.388924101,62.56425892,0.897627091,2.983175072
90,C(C(F)F)F,0.437768714,-0.17073717,0.40601,84.04,1.221,11.979,5,27.60079935,2.539538861,18.85475297,0.556302501,2.561101384
91,C(C(F)F)O,0.395412296,-0.159027348,0.35736,82.049,0.2438,13.0898,5,28.2294977,2.539538861,21.60964047,-0.777283529,0.790988475
92,C(C(F)F)OC(C(F)(F)F)(F)F,0.42061607,-0.137700317,0.38777,200.053,2.4232,22.958,12,62.10637042,4.050917999,138.8320272,0.826074803,2.983626287
93,C(C(F)F)OC(C(F)F)(F)F,0.412228567,-0.139451699,0.38723,182.063,2.126,22.907,11,57.94083502,3.729270365,113.1499106,0.77815125,2.919601024
94,C(C(F)F)OC(F)(F)F,0.421283431,-0.159982744,0.39895,150.046,1.7879,18.011,9,47.4103575,3.28071084,76.76251764,0.826074803,2.970346876
95,C(C(OC(C(F)(F)F)(F)F)(F)F)(F)F,0.44160814,-0.13445993,0.41661,236.033,3.016,23.038,14,70.43744123,4.674477845,193.4788601,1.397940009,3.57634135
96,C(C(OC(F)(F)F)(F)F)(C(F)(F)F)F,0.45755003,-0.12745314,0.41088,236.033,3.016,23.038,14,70.43744123,4.627267758,189.9690851,0.230448921,3.64246452
97,C(C(OC(F)F)(F)F)(F)Cl,0.42450555,-0.08819666,0.32441,184.491,2.3528,22.785,10,57.71362373,3.86555893,105.0661856,0.645422269,2.815577748
98,C(C(OC(OC(F)(F)F)(F)F)(F)F)(C(F)(F)F)(OC(F)(F)F)F,0.43546974,-0.11220313,0.38841,386.035,4.447,35.153,23,114.2220929,5.701846608,406.2063416,2.903089987,4.012837225
99,C(C=O)C(F)(F)F,0.384324082,-0.057437175,0.22868,112.05,1.1377,16.736,7,38.12726357,3.336809769,65.07049634,-2.096910013,-1.602059991
100,C(CBr)Br,0.36698874,-0.04744323,0.2502,187.862,1.7762,27.588,4,42.83928835,1.974744871,6,-0.612610174,0.008600172
101,C(CC(F)(F)F)CO,0.383171433,-0.140146978,0.34344,128.093,1.3212,22.3748,8,45.12491733,3.111766194,58.79398752,-1.823908741,-1.30980392
102,C(CCl)Cl,0.397082481,-0.076693792,0.30045,98.96,1.464,21.44,4,35.7107256,1.974744871,6,-0.647817482,0.113943352
103,C(CF)F,0.435398311,-0.168545693,0.39959,66.05,0.9254,11.95,4,23.43526395,1.974744871,6,-0.326979093,1.33243846
104,C(CF)O,0.385083898,-0.166996319,0.35533,64.059,-0.0518,13.0608,4,24.0639623,1.974744871,8,-1.356547324,-0.27572413
105,C(CF)O,0.385083898,-0.166996319,0.35533,64.059,-0.0518,13.0608,4,24.0639623,1.974744871,8,-1.356547324,-0.27572413
106,C(Cl)(Cl)(Cl)Cl,0.40852219,-0.00073784,0.2469,153.823,2.5529,26.143,5,49.95231594,3.023715784,19.11941548,1.505149978,3.342422681
107,C(Cl)(Cl)Cl,0.4066057,-0.03379489,0.26614,119.378,1.9864,21.347,4,39.64904971,2.323790008,8,-0.300162274,1.31386722
108,C(Cl)Br,0.38953315,-0.05686502,0.25797,129.384,1.5776,19.647,3,32.91006486,1.632993162,4.754887502,-0.344861565,0.675778342
109,C(Cl)Cl,0.414567615,-0.073366255,0.29323,84.933,1.4215,16.573,3,29.34578348,1.632993162,2.754887502,-0.307153081,1.049218023
110,C(CO)C(C(C(C(C(C(C(F)(F)F)(F)F)(F)F)(F)F)(F)F)(F)F)(F)F,0.37694324,-0.07902519,0.29406,414.108,4.7429,47.4398,25,126.9360527,6.396388943,475.8839282,-1.327902142,-0.347753659
111,C(CO)C(C(C(C(C(F)(F)F)(F)F)(F)F)(F)F)(F)F,0.37929881,-0.09606565,0.30746,314.094,3.4723,37.5458,19,97.5440269,5.769010421,317.4956155,-1.327902142,-0.273272791
112,C(CO)C(F)(F)F,0.392805693,-0.143236939,0.34552,114.066,0.9311,17.7578,7,38.75997522,3.154490065,48.63193445,-1.387216143,-0.207608311
113,C(CO)C(F)(F)F,0.392805693,-0.143236939,0.34552,114.066,0.9311,17.7578,7,38.75997522,3.154490065,48.63193445,-1.387216143,-0.207608311
114,C(F)(Cl)(Cl)Cl,0.41484832,-0.02017459,0.26004,137.368,2.2836,21.398,5,43.81458511,3.023715784,22.36452798,1.716003344,3.794488047
115,C(F)(Cl)Cl,0.4224273,-0.06286567,0.29459,102.923,1.7171,16.602,4,33.51131888,2.323790008,10.7548875,0.230448921,2.204119983
116,C(F)(F)(Br)Br,0.39051257,-0.01953755,0.22834,209.815,2.3265,22.801,5,44.80541704,3.023715784,23.11941548,0.397940009,2.334453751
117,C(F)(F)(Cl)Br,0.41649533,-0.03301127,0.24998,165.364,2.1704,19.727,5,41.24113567,3.023715784,25.11941548,1.204119983,3.285557309
118,C(F)(F)(Cl)Cl,0.43204057,-0.05132536,0.29035,120.913,2.0143,16.653,5,37.67685429,3.023715784,23.11941548,2.008600172,4.096910013
119,C(F)(F)(F)Br,0.42967108,-0.06963154,0.28013,148.909,1.9011,14.982,5,35.10340484,3.023715784,22.36452798,1.857332496,3.857332496
120,C(F)(F)(F)Cl,0.46668444,-0.100428753,0.34132,104.458,1.745,11.908,5,31.53912346,3.023715784,22.36452798,2.806179974,4.209515015
121,C(F)(F)(F)F,0.552391616,-0.300664529,0.60756,88.003,1.4757,7.163,5,25.40139264,3.023715784,19.11941548,4.698970004,3.868056362
122,C(F)(F)(F)S(F)(F)(F)(F)F,0.48719863,-0.01694857,0.31006,196.062,3.8047,19.186,10,49.53630294,5.137570367,139.3579163,2.903089987,4.267171728
123,C(F)(F)Br,0.41649525,-0.07931005,0.28107,130.919,1.6039,14.931,4,30.93786944,2.323790008,10.7548875,0.69019608,2.579783597
124,C(F)(F)Cl,0.450858998,-0.107018621,0.33856,86.468,1.4478,11.857,4,27.37358806,2.323790008,10.7548875,1.075546961,3.292256071
125,C(F)(F)F,0.513551347,-0.220811165,0.50549,70.013,1.1785,7.112,4,21.23585724,2.323790008,8,2.357934847,4.164352856
126,C(F)Cl,0.422616145,-0.114412705,0.32476,68.478,1.1522,11.828,3,23.20805266,1.632993162,4.754887502,0.079181246,1.899820502
127,C(F)F,0.462914254,-0.199090147,0.44412,52.023,0.8829,7.083,3,17.07032183,1.632993162,2.754887502,0.73239376,2.887054378
128,C(OC(C(F)(F)F)C(F)(F)F)F,0.414008661,-0.139102222,0.38006,200.053,2.4232,22.958,12,62.10637042,4.451370338,121.3222521,0.278753601,2.290034611
129,C(OC(C(OC(C(OC(C(OC(F)F)(F)F)(F)F)(F)F)(F)F)(F)F)(F)F)(F)F,0.42209997,-0.10784641,0.40549,466.068,5.0548,46.03,28,140.3965932,5.64344943,472.7736378,1.42975228,3.728353782
130,C(OC(C(OC(C(OC(F)F)(F)F)(F)F)(F)F)(F)F)(F)F,0.42972064,-0.12238995,0.40972,350.055,3.8526,35.051,21,105.8910221,5.221512557,309.8844652,1.42975228,3.758154622
131,C(OC(C(OC(OC(F)F)(F)F)(F)F)(F)F)(F)F,0.44077539,-0.13627213,0.42476,300.048,3.2173,30.104,18,91.1950092,4.819985968,266.2387662,1.149219113,3.507855872
132,C(OC(F)(F)F)(F)F,0.47727846,-0.191236976,0.47323,136.019,1.7454,13.144,8,41.04541539,3.388924101,65.31914642,2.130333768,4.155336037
133,C(OC(F)F)(F)F,0.46223828,-0.18825696,0.46523,118.029,1.4482,13.093,7,36.87987998,2.953223175,38.95445336,1.42975228,3.821513528
134,C(OC(OC(F)F)(F)F)(F)F,0.452414836,-0.170784407,0.46278,184.035,2.0151,19.125,11,56.68943813,3.793809545,102.3950231,1.423245874,3.782472624
135,C=C(C(F)(F)F)C(F)(F)F,0.420570216,-0.042582466,0.27334,164.048,2.6672,21.25,10,52.13768676,4.39899054,120.807256,-1.552841969,-0.42365865
136,C=C(C(F)(F)F)F,0.395688332,-0.079605069,0.27158,114.041,2.0319,16.303,7,37.44167384,3.791118417,79.42592197,-1.48148606,-0.300162274
137,C=C(F)F,0.374979178,-0.134322125,0.28947,64.034,1.3966,11.356,4,22.74566092,2.803039488,27.01955001,-1.886056648,-1.283996656
138,C=CC(C(C(C(C(C(F)(F)F)(F)F)(F)F)(F)F)(F)F)(F)F,0.38933076,-0.04839982,0.27212,346.086,4.9112,40.987,21,106.756203,6.19696785,400.8845476,-1.602059991,-0.790484985
139,C=CC(C(C(C(F)(F)F)(F)F)(F)F)(F)F,0.39444207,-0.05330489,0.27227,246.072,3.6406,31.093,15,77.36417719,5.474544775,247.818409,-1.602059991,-0.690369833
140,C=CC(C(C(F)(F)F)(F)F)(F)F,0.396643015,-0.057370464,0.27259,196.065,3.0053,26.146,12,62.66816427,4.973359563,176.7259818,-1.602059991,-0.628932138
141,C=CC(C(F)(F)F)(F)F,0.400060601,-0.065103318,0.27422,146.058,2.37,21.199,9,47.97215135,4.322570987,110.6166274,-1.602059991,-0.739928612
142,C=CC(F)(F)F,0.403786882,-0.076706918,0.27809,96.051,1.7347,16.252,6,33.27613843,3.445991214,51.54887502,-1.602059991,-0.583359493
143,C=CCOC(=O)C(F)(F)F,0.366368943,-0.058972677,0.24274,154.087,1.2779,27.211,10,55.28108999,3.739894885,138.3187146,-2.522878745,-2.15490196
144,C=CF,0.374231874,-0.126083181,0.28154,46.044,1.0994,11.305,3,18.58012551,2.187496097,10.26466251,-2.15490196,-1.619788758
145,C=COC(=O)C(F)(F)F,0.368239439,-0.037125288,0.22521,140.06,1.2354,22.344,9,48.91614788,3.882768219,126.2646625,-2.397940009,-2.096910013
146,C=COCC(F)(F)F,0.33623079,-0.121188592,0.26885,126.077,1.7088,22.204,8,44.75462578,3.239280745,75.8428331,-2,-1.236572006
147,CBr,0.38708764,-0.09880752,0.27494,94.939,1.0111,14.851,2,22.60679863,1,2,-0.096910013,0.385606274
148,CC(=O)C(F)(F)F,0.385391595,-0.046320215,0.22636,112.05,1.1377,16.736,7,38.12726357,3.791118417,82.67103446,-1.853871964,-1.045757491
149,CC(C(F)(F)F)(F)F,0.44720753,-0.176548456,0.43408,134.047,2.2039,16.676,8,42.29681227,4.020391543,62.65502203,1.600972896,3.658011397
150,CC(C)(F)F,0.422796813,-0.165457053,0.41703,80.077,1.6615,16.295,5,29.80020606,3.023715784,20.36452798,0.954242509,2.777426822
151,CC(C)Br,0.36951547,-0.08732849,0.26734,122.993,1.7897,24.063,4,35.33668286,2.323790008,8,-1.259637311,-0.899629455
152,CC(C)Cl,0.39144981,-0.111519423,0.31386,78.542,1.6336,20.989,4,31.77240148,2.323790008,8,-1.22184875,-0.742321425
153,CC(CC(F)(F)F)(F)F,0.433993344,-0.151148554,0.41863,148.074,2.594,21.293,9,48.66175439,3.746417931,74.1115672,0.949390007,2.960946196
154,CC(Cl)(Cl)Cl,0.39595577,-0.03598373,0.26298,133.405,2.3765,25.964,5,46.01399182,3.023715784,20.36452798,0.698970004,2.206825876
155,CC(F)(Cl)Cl,0.40817283,-0.06362906,0.28849,116.95,2.1072,21.219,5,39.876261,3.023715784,23.11941548,0.973127854,2.934498451
156,CC(F)(F)Cl,0.436173907,-0.102814918,0.32984,100.495,1.8379,16.474,5,33.73853017,3.023715784,23.11941548,1.255272505,3.361727836
157,CC(F)(F)F,0.482135692,-0.188740591,0.48056,84.04,1.5686,11.729,5,27.60079935,3.023715784,20.36452798,1.707570176,3.764176132
158,CC(F)F,0.440398492,-0.184950293,0.43548,66.05,1.2714,11.678,4,23.43526395,2.323790008,8.754887502,0.204119983,2.214843848
159,CCBr,0.37702165,-0.09448093,0.2721,108.966,1.4012,19.468,3,28.97174075,1.632993162,2.754887502,-0.863279433,-0.312471039
160,CCC(=O)C(F)(F)F,0.377949624,-0.04552587,0.22668,126.077,1.5278,21.353,8,44.49220568,3.823378455,93.94677017,-1.744727495,-1.022276395
161,CCC(F)(F)F,0.450925692,-0.167247538,0.44822,98.067,1.9587,16.346,6,33.96574147,3.168489873,35.7931939,0.041392685,1.873901598
162,CCCBr,0.37396719,-0.08854128,0.27139,122.993,1.7913,24.085,4,35.33668286,1.974744871,5.245112498,-1.387216143,-1.283996656
163,CCCCCl,0.390299252,-0.110923528,0.31668,92.569,2.0253,25.628,5,38.1373436,2.190609687,11.11941548,-1.920818754,-2.15490196
164,CCCl,0.400733681,-0.118569972,0.31872,64.515,1.2451,16.394,3,25.40745937,1.632993162,2.754887502,-0.879426069,-0.317854924
165,CCF,0.433784461,-0.179827361,0.42342,48.06,0.9758,11.649,3,19.26972855,1.632993162,2.754887502,-0.659555885,0.684845362
166,CCl,0.414108329,-0.122852815,0.32194,50.488,0.855,11.777,2,19.04251725,1,2,-0.045757491,0.743509765
167,CCOC(=O)C(F)(F)F,0.39964439,-0.06849078,0.27347,142.076,1.1118,22.688,9,49.60575091,3.743097706,106.8706003,-1.22184875,0.198657087
168,CCOC(C(C(C(F)(F)F)(F)F)(F)F)(F)F,0.41007766,-0.12184258,0.37148,264.087,3.4486,32.522,16,83.16732546,5.344294203,242.8739903,-0.096910013,1.783188691
169,CCOC(C(C(F)(F)F)(C(F)(F)F)F)(F)F,0.41554179,-0.11167711,0.35809,264.087,3.4486,32.522,16,83.16732546,5.609230559,225.3642153,-0.200659451,1.53529412
170,CCOC(C(C(F)(F)F)F)(F)F,0.408771564,-0.13698686,0.37146,196.09,2.5161,27.524,12,64.30577713,4.342286462,141.3640961,-0.394694954,1.421603927
171,CCOC(C(F)F)(F)F,0.406165483,-0.155236286,0.3979,146.083,1.8808,22.577,9,49.60976421,3.702086145,82.63682062,-0.681936665,1.096910013
172,CCOC(F)(F)F,0.41660236,-0.168988235,0.41302,114.066,1.5427,17.681,7,39.07928669,3.154490065,48.63193445,-0.401209493,1.465382851
173,CF,0.467051091,-0.195219531,0.43841,34.033,0.5857,7.032,2,12.90478643,1,2,0.447158031,2.130333768
174,COC(=O)C(F)(F)F,0.407841876,-0.068988871,0.27392,128.049,0.7217,18.071,8,43.24080879,3.823378455,95.19188266,0,1.915399835
175,COC(C(C(C(F)(F)F)(F)F)(F)F)(F)F,0.41636913,-0.12102041,0.37476,250.06,3.0585,27.905,15,76.80238334,5.379464013,229.1474279,0.681241237,2.7355989
176,COC(C(C(F)(F)F)(C(F)(F)F)F)(C(C(F)(F)F)(F)F)F,0.39501384,-0.08203205,0.32127,350.074,4.3291,37.799,21,106.1944092,6.603383995,361.4516891,0.719331287,2.607455023
177,COC(C(C(F)(F)F)(C(F)(F)F)F)(F)F,0.42672527,-0.11101518,0.36263,250.06,3.0585,27.905,15,76.80238334,5.645277984,211.6376529,0.681241237,2.640481437
178,COC(C(C(F)(F)F)(F)F)(F)F,0.425652853,-0.139499737,0.39037,200.053,2.4232,22.958,12,62.10637042,4.847021821,159.2795361,0.707570176,2.760422483
179,COC(C(C(F)(F)F)F)(F)F,0.419893223,-0.137891143,0.37654,182.063,2.126,22.907,11,57.94083502,4.352448404,129.0341978,0.397940009,2.421603927
180,COC(C(C(F)F)(F)F)(F)F,0.411710977,-0.141663139,0.38593,182.063,2.126,22.907,11,57.94083502,4.527512324,132.5439728,0.397940009,2.442479769
181,COC(C(F)(F)F)(C(F)(F)F)F,0.411462808,-0.138737095,0.37417,200.053,2.4232,22.958,12,62.10637042,4.951010561,141.7697611,0.568201724,2.593286067
182,COC(C(F)(F)F)(F)F,0.432078413,-0.162607832,0.41061,150.046,1.7879,18.011,9,47.4103575,4.144726367,94.8664547,0.698970004,2.873320602
183,COC(C(F)(F)F)C(F)(F)F,0.387988684,-0.139938644,0.35212,182.063,2.126,22.907,11,57.94083502,4.426424983,109.5244228,-0.749579998,0.910090546
184,COC(C(F)Cl)(F)F,0.402516034,-0.099723364,0.32347,148.511,1.76,22.705,8,49.38255292,3.708324167,74.92878689,0.155336037,2.133538908
185,COC(C(F)F)(F)F,0.419491814,-0.160141338,0.40301,132.056,1.4907,17.96,8,43.2448221,3.708324167,71.6836744,0.397940009,2.515873844
186,COC(C(F)F)(F)F,0.419491814,-0.160141338,0.40301,132.056,1.4907,17.96,8,43.2448221,3.708324167,71.6836744,0.397940009,2.515873844
187,COC(C(OC(C(OC(C(OC)(F)F)(F)F)(F)F)(F)F)(F)F)(F)F,0.38929453,-0.12740892,0.39374,394.108,3.8692,45.87,24,123.7344516,5.54651275,396.7737976,0.230448921,2.340444115
188,COC(F)(F)F,0.433571628,-0.1837117,0.42573,100.039,1.1526,13.064,6,32.71434458,3.168489873,38.54808141,0.69019608,2.789580712
189,COCC(C(F)(F)F)(F)F,0.37282148,-0.137866954,0.33713,164.073,1.8304,22.878,10,53.77529962,4.101783753,106.7058033,-1.161150909,0.204119983
190,COCC(C(F)F)(F)F,0.362325373,-0.138579846,0.33121,146.083,1.5332,22.827,9,49.60976421,3.702086145,82.63682062,-1.148741651,0.225309282
191,COCC(F)(F)F,0.37569168,-0.156082284,0.35254,114.066,1.1951,17.931,7,39.07928669,3.154490065,48.63193445,-1.113509275,0.31386722
192,FC(F)(F)C(OC(F)F)C(F)(F)F,0.43157393,-0.13759502,0.39668,218.043,2.7188,22.987,13,66.27190582,4.578877531,142.5074118,1.348304863,3.482873584
193,FC(F)(OC(F)F)C(F)(F)OC(F)F,0.43449436,-0.14223169,0.42663,234.042,2.6504,24.072,14,71.38545105,4.511880583,160.1800927,1.127104798,3.521138084
194,FC(F)(OC)C(F)(F)OC,0.39352519,-0.154643989,0.39965,162.082,1.4648,23.912,10,54.72330944,4.281756762,99.82521877,0.230448921,2.305351369
195,FC(F)OC,0.416288795,-0.19329494,0.4183,82.049,0.8554,13.013,5,28.54880918,2.539538861,21.60964047,0.041392685,2.133538908
196,FS(F)(F)(F)(F)F,0.536314379,-0.019859577,0.33848,146.055,3.1694,14.239,7,35.13578706,4.431293675,62.74506838,3.505149978,4.401400541
197,N(F)(F)F,0.484370715,-0.149762933,0.3711,71.001,0.9419,5.163,4,20.436583,2.323790008,8,2.755112266,4.240549248
198,O=COC(F)(F)C(F)(F)F,0.420344907,-0.06595397,0.27934,164.029,1.3145,18.151,10,51.5718796,4.234128446,127.344978,0.556302501,2.775974331
199,O=S(=O)(F)F,0.482147797,-0.073929448,0.33379,102.061,0.1702,11.1358,5,27.92177219,4.062942299,90.81635834,1.556302501,3.665580991
